City,Lat,Lng,Max Temp,Humidity,Cloudiness,Wind Speed,Country,Date
Qaanaaq,77.484,-69.3632,40.55,92,100,0.38,GL,1658709538
Souillac,-20.5167,57.5167,66.6,84,38,7.07,MU,1658709538
Ushuaia,-54.8,-68.3,35.26,64,40,5.75,AR,1658709528
Adrar,20.5022,-10.0711,95.61,7,5,10.13,MR,1658709539
Yārāda,17.65,83.2667,77.32,100,40,2.3,IN,1658709539
Busselton,-33.65,115.3333,60.13,64,100,17.05,AU,1658709539
Dikson,73.5069,80.5464,49.75,95,100,13.56,RU,1658709540
Itaituba,-4.2761,-55.9836,79.92,54,97,0.72,BR,1658709540
Talnakh,69.4865,88.3972,56.21,71,96,27.29,RU,1658709541
Guerrero Negro,27.9769,-114.0611,72.63,69,40,15.99,MX,1658709541
Akçakoca,41.0866,31.1162,65.82,67,0,4.16,TR,1658709542
Egvekinot,66.3167,-179.1667,42.94,62,100,2.77,RU,1658709542
Khatanga,71.9667,102.5,69.46,72,96,14.83,RU,1658709542
Lebu,-37.6167,-73.65,53.42,92,100,13.76,CL,1658709543
Upernavik,72.7868,-56.1549,40.82,96,100,6.46,GL,1658709543
Vila Viçosa,38.7777,-7.4179,76.68,44,55,8.12,PT,1658709544
Lotofaga,-13.9764,-171.8578,82.18,80,100,22.1,WS,1658709544
Hirado,33.3597,129.5531,84.38,82,4,5.08,JP,1658709545
Victor Harbor,-35.5667,138.6167,55.99,84,100,17.29,AU,1658709545
Mataura,-46.1927,168.8643,40.48,82,64,4.23,NZ,1658709546
Phang Nga,8.4509,98.5298,78.84,88,65,3.27,TH,1658709546
Kangaatsiaq,68.3065,-53.4641,39.29,98,91,10.56,GL,1658709547
Hithadhoo,-0.6,73.0833,81.81,73,96,7.56,MV,1658709547
Klaksvík,62.2266,-6.589,49.12,93,95,21.45,FO,1658709548
Atuona,-9.8,-139.0333,76.6,65,13,14.14,PF,1658709548
Sterling,39.0062,-77.4286,90.37,70,75,3.44,US,1658709431
Tuktoyaktuk,69.4541,-133.0374,46.4,87,40,9.22,CA,1658709549
Rudnyy,52.9594,63.1206,57.43,67,25,1.72,KZ,1658709549
Port Alfred,-33.5906,26.891,58.78,57,94,4.5,ZA,1658709549
São Filipe,14.8961,-24.4956,78.06,83,100,11.43,CV,1658709550
Bengkulu,-3.8004,102.2655,77.09,87,94,4.16,ID,1658709550
Wasaga Beach,44.5168,-80.0164,72.21,95,93,9.89,CA,1658709550
Namtsy,62.7161,129.6658,78.46,49,86,3.22,RU,1658709551
Springbok,-29.6643,17.8865,48.16,27,0,11.68,ZA,1658709551
Rikitea,-23.1203,-134.9692,75.56,80,100,15.97,PF,1658709552
Ostrovnoy,68.0531,39.5131,48.15,92,100,11.77,RU,1658709552
Boende,-0.2167,20.8667,75.07,80,87,1.12,CD,1658709552
Punta Arenas,-53.15,-70.9167,37.51,75,0,9.22,CL,1658709255
Chokurdakh,70.6333,147.9167,69.58,34,32,11.48,RU,1658709553
Hobart,-42.8794,147.3294,51.26,96,75,0.0,AU,1658709305
New Norfolk,-42.7826,147.0587,50.92,75,73,2.46,AU,1658709553
Naze,28.3667,129.4833,85.12,75,32,0.78,JP,1658709283
Olafsvik,64.8945,-23.7142,52.02,82,99,6.67,IS,1658709554
Redmond,47.674,-122.1215,87.3,54,60,8.01,US,1658709360
Bluff,-46.6,168.3333,40.8,78,62,11.39,NZ,1658709555
Port Hardy,50.6996,-127.4199,73.58,64,40,5.75,CA,1658709555
Kapaa,22.0752,-159.319,84.52,68,40,12.66,US,1658709555
Bandarbeyla,9.4942,50.8122,77.47,73,88,25.17,SO,1658709556
Nayoro,44.3506,142.4578,72.28,75,76,3.89,JP,1658709556
Puerto Ayora,-0.7393,-90.3518,70.56,91,94,5.99,EC,1658709556
Avarua,-21.2078,-159.775,71.65,64,20,8.05,CK,1658709557
Aksu,41.1231,80.2644,88.32,24,100,4.65,CN,1658709555
Jamestown,42.097,-79.2353,73.71,85,0,5.75,US,1658709557
Coquimbo,-29.9533,-71.3436,55.13,76,100,5.75,CL,1658709558
Geraldton,-28.7667,114.6,45.01,93,0,14.97,AU,1658709558
Pacific Grove,36.6177,-121.9166,70.39,83,100,13.8,US,1658709558
Magnor,59.9511,12.1996,60.01,95,100,8.34,SE,1658709559
Barrow,71.2906,-156.7887,44.62,81,100,10.36,US,1658709559
Vágur,61.4732,-6.8119,49.64,93,100,24.25,FO,1658709560
Tigil',57.8,158.6667,68.86,43,14,4.05,RU,1658709560
Port Elizabeth,-33.918,25.5701,53.1,100,75,4.61,ZA,1658709451
Arraial do Cabo,-22.9661,-42.0278,71.22,87,4,20.89,BR,1658709560
Santa Ana Arriba,19.3,-70.35,76.05,97,33,3.74,DO,1658709561
Bredasdorp,-34.5322,20.0403,46.53,89,0,6.49,ZA,1658709561
Castro,-24.7911,-50.0119,58.84,72,100,2.86,BR,1658709562
Tasiilaq,65.6145,-37.6368,41.16,83,87,3.47,GL,1658709562
Makushino,55.2103,67.2442,64.06,85,1,3.53,RU,1658709563
Walvis Bay,-22.9575,14.5053,54.09,100,54,9.22,NA,1658709563
Hermanus,-34.4187,19.2345,50.81,83,0,10.92,ZA,1658709563
Cherskiy,68.75,161.3,62.38,37,13,8.7,RU,1658709564
Mokrous,51.2333,47.5167,60.78,93,94,6.04,RU,1658709564
Saint-Philippe,-21.3585,55.7679,65.21,76,39,6.76,RE,1658709564
Lagoa,39.05,-27.9833,73.02,90,0,10.07,PT,1658709565
Narsaq,60.9167,-46.05,52.02,72,99,5.68,GL,1658709565
Butaritari,3.0707,172.7902,82.63,73,20,20.74,KI,1658709565
Cape Town,-33.9258,18.4232,56.37,82,0,2.3,ZA,1658709553
Pevek,69.7008,170.3133,35.73,89,100,4.23,RU,1658709566
Kiryat Gat,31.61,34.7642,77.68,100,0,2.21,IL,1658709484
Port Augusta,-32.5,137.7667,59.76,58,56,19.08,AU,1658709566
Tsiroanomandidy,-18.7667,46.0333,56.91,73,0,1.5,MG,1658709567
São Gabriel da Cachoeira,-0.1303,-67.0892,72.64,98,100,1.5,BR,1658709567
Pangnirtung,66.1451,-65.7125,51.64,71,86,2.42,CA,1658709568
Leningradskiy,69.3833,178.4167,35.65,94,100,3.47,RU,1658709274
Aktau,43.65,51.2,64.98,65,100,8.05,KZ,1658709568
Tabuk,17.4189,121.4443,83.64,76,99,3.2,PH,1658709568
Ribeira Grande,38.5167,-28.7,74.43,89,11,5.64,PT,1658709569
Tromsø,69.6496,18.957,48.22,81,20,10.36,NO,1658709297
Puerto El Triunfo,13.2833,-88.55,88.66,74,100,1.81,SV,1658709569
Alyangula,-13.8483,136.4192,76.53,72,40,5.75,AU,1658709570
Airai,-8.9266,125.4092,66.31,42,54,2.98,TL,1658709570
Sheregesh,52.9209,87.9869,51.46,95,87,3.65,RU,1658709570
Shimoda,34.6667,138.95,84.56,71,100,4.14,JP,1658709571
Richards Bay,-28.783,32.0377,60.48,54,15,15.95,ZA,1658709571
Vanavara,60.34,102.2797,68.52,59,11,3.11,RU,1658709572
Provideniya,64.3833,-173.3,46.51,76,100,7.0,RU,1658709572
Mariinsk,56.2139,87.7472,53.19,93,100,7.56,RU,1658709572
Riachão das Neves,-11.7461,-44.91,71.51,49,86,4.32,BR,1658709573
East London,-33.0153,27.9116,58.86,58,68,5.93,ZA,1658709573
Lata,40.1629,-8.3327,57.11,92,1,1.83,PT,1658709573
Vaini,-21.2,-175.2,77.16,78,20,11.5,TO,1658709574
Pisco,-13.7,-76.2167,60.85,88,0,12.66,PE,1658709342
Houma,29.5958,-90.7195,86.0,73,0,3.44,US,1658709379
Meadow Lake,34.8014,-106.5436,90.88,36,90,5.64,US,1658709574
Batemans Bay,-35.7167,150.1833,54.1,61,78,3.69,AU,1658709317
Thompson,55.7435,-97.8558,71.76,37,20,3.44,CA,1658709575
Chui,-33.6971,-53.4616,57.09,99,83,4.74,UY,1658709575
Yellowknife,62.456,-114.3525,63.12,82,75,4.61,CA,1658709575
Kédougou,12.5579,-12.1743,79.38,94,20,2.3,SN,1658709576
Vanimo,-2.6741,141.3028,84.02,72,47,5.57,PG,1658709576
Kruisfontein,-34.0033,24.7314,50.88,82,86,3.42,ZA,1658709576
Freeport,40.6576,-73.5832,93.97,71,0,18.41,US,1658709577
Sibu,2.3,111.8167,77.31,88,40,3.44,MY,1658709577
Zhigansk,66.7697,123.3711,65.23,65,20,8.01,RU,1658709578
Riviere-au-Renard,48.9957,-64.3971,68.29,87,100,7.76,CA,1658709578
Katsuura,35.1333,140.3,82.49,81,88,10.8,JP,1658709579
Ibrā’,22.6906,58.5334,82.96,61,86,3.83,OM,1658709579
Albany,42.6001,-73.9662,76.41,68,100,4.0,US,1658709579
Xaxim,-26.9617,-52.5347,68.38,84,82,2.86,BR,1658709580
Teotitlán,18.1319,-97.0767,68.72,89,86,5.3,MX,1658709581
Ilulissat,69.2167,-51.1,38.52,93,99,2.04,GL,1658708981
Hilo,19.7297,-155.09,84.27,71,20,8.05,US,1658709551
Atarra,25.2833,80.5667,82.76,77,84,9.95,IN,1658708983
Sioux Lookout,50.1001,-91.917,59.07,67,100,14.97,CA,1658708985
Novikovo,51.1537,37.8879,65.98,80,36,3.31,RU,1658708987
Sola,-13.8833,167.55,86.67,70,20,1.14,VU,1658709581
Praia,14.9215,-23.5087,79.34,89,40,9.22,CV,1658708991
Taltal,-25.4,-70.4833,57.79,81,15,1.99,CL,1658708992
Tiksi,71.6872,128.8694,48.94,73,3,3.53,RU,1658708762
Fairlie,55.756,-4.8556,61.39,93,86,5.26,GB,1658708994
Zyryanka,65.75,150.85,74.71,32,79,1.88,RU,1658708996
Kidal,18.4411,1.4078,89.35,38,56,4.9,ML,1658708997
Ancud,-41.8697,-73.8203,47.23,94,93,7.0,CL,1658708999
Moindou,-21.6924,165.677,75.18,63,4,4.36,NC,1658709000
Kinkala,-4.3614,14.7644,70.34,80,17,6.46,CG,1658709001
Berdigestyakh,62.0989,126.6992,76.84,52,11,4.5,RU,1658709003
Balvi,57.1313,27.2658,58.41,98,100,6.4,LV,1658709004
Tanout,14.9709,8.8879,89.11,41,93,12.19,NE,1658709005
Mount Gambier,-37.8333,140.7667,55.31,94,100,13.8,AU,1658709007
Grindavik,63.8424,-22.4338,49.95,100,75,8.05,IS,1658708953
Bambous Virieux,-20.3428,57.7575,64.22,75,52,7.52,MU,1658709583
Nome,64.5011,-165.4064,55.17,76,100,8.05,US,1658709422
Praia,14.9215,-23.5087,79.34,89,40,9.22,CV,1658708991
Bethel,41.3712,-73.414,85.66,74,54,4.29,US,1658709015
Saint Anthony,45.0205,-93.218,76.93,49,40,18.41,US,1658709016
Saint Paul Harbor,57.79,-152.4072,54.91,88,100,4.61,US,1658709584
Beringovskiy,63.05,179.3167,45.14,76,100,12.41,RU,1658708722
Broken Hill,-31.95,141.4333,62.87,46,20,15.3,AU,1658709023
Beidao,34.5686,105.8933,75.92,72,23,4.29,CN,1658709025
Mattru,7.6244,-11.8332,71.87,96,100,1.95,SL,1658709026
Saskylakh,71.9167,114.0833,71.33,54,91,11.92,RU,1658709028
Esso,55.9333,158.7,62.47,67,100,6.08,RU,1658709030
Vila Franca do Campo,37.7167,-25.4333,76.19,87,57,3.31,PT,1658709031
Pedernales,18.0384,-71.744,81.5,74,11,4.03,DO,1658709033
Nyurba,63.2842,118.3319,74.64,64,17,9.26,RU,1658708982
Geneva,41.8875,-88.3054,82.78,67,20,13.8,US,1658709035
Nanortalik,60.1432,-45.2371,47.68,80,93,3.04,GL,1658708827
São Mateus,-18.7161,-39.8589,67.35,84,98,3.8,BR,1658709585
Mbekenyera,-10.0,38.9833,62.19,95,0,2.48,TZ,1658709039
Muscat,23.6139,58.5922,86.02,63,73,4.09,OM,1658709040
Hong Kong,22.2855,114.1577,92.25,77,14,5.99,HK,1658709310
Krasnogorsk,55.8225,37.3181,70.05,82,0,2.24,RU,1658709043
Raymondville,26.4815,-97.7831,93.31,52,0,17.02,US,1658709044
Zhicheng,30.2956,111.5047,84.96,72,99,2.24,CN,1658709045
Sakakah,29.9697,40.2064,81.97,17,0,5.55,SA,1658709047
Şabyā,17.1495,42.6254,82.02,61,100,14.14,SA,1658709586
Shingū,33.7333,135.9833,83.86,63,44,4.41,JP,1658709587
Longyearbyen,78.2186,15.6401,46.24,93,75,9.22,SJ,1658709050
Almaznyy,48.0448,40.045,65.07,66,1,5.48,RU,1658709053
Tsimmerbude,54.675,20.1347,59.05,85,89,5.79,RU,1658709587
Negotino,41.4839,22.0892,73.44,57,58,1.72,MK,1658708808
San Ignacio,17.1561,-89.0714,77.14,100,40,4.61,BZ,1658709058
Carnarvon,-24.8667,113.6333,58.68,47,0,17.45,AU,1658709423
Mar del Plata,-38.0023,-57.5575,51.1,98,100,11.01,AR,1658709588
Biltine,14.5333,20.9167,85.12,50,75,8.23,TD,1658709061
Lompoc,34.6391,-120.4579,81.01,73,0,13.8,US,1658708913
Qaqortoq,60.7167,-46.0333,48.09,74,94,3.56,GL,1658708951
South Venice,27.0531,-82.4243,82.98,100,0,0.0,US,1658709065
Nakhon Sawan,15.7,100.0833,81.32,82,55,3.38,TH,1658709067
Kropotkin,45.4375,40.5756,62.64,82,25,8.5,RU,1658709068
Orlik,52.5178,99.825,57.6,69,100,0.36,RU,1658709069
Marawi,7.9986,124.2928,77.94,71,63,2.46,PH,1658709071
Vao,-22.6667,167.4833,72.25,72,94,12.15,NC,1658709072
Dickinson,29.4608,-95.0513,92.08,70,20,13.8,US,1658709073
Kirundo Province,-2.5833,30.1667,68.22,55,100,2.28,BI,1658709589
São João da Barra,-21.6403,-41.0511,71.37,82,7,12.62,BR,1658709416
Biloela,-24.4167,150.5,67.23,60,0,1.07,AU,1658709078
Esperance,-33.8667,121.9,52.61,62,0,15.12,AU,1658709589
Vuktyl,63.8567,57.3094,48.09,79,47,4.36,RU,1658709080
Santa Cruz de La Palma,28.6835,-17.7642,75.34,78,0,10.36,ES,1658709081
Gorlice,49.6556,21.1604,57.96,74,20,2.13,PL,1658709083
Iqaluit,63.7506,-68.5145,47.93,87,40,3.44,CA,1658708988
Nara,34.6851,135.8049,87.49,44,100,1.45,JP,1658709085
Sungai Raya,0.7,108.9,80.26,84,26,5.84,ID,1658709591
Sept-Îles,50.2001,-66.3821,64.92,92,100,9.22,CA,1658709331
Spearfish,44.4908,-103.8594,73.27,70,40,6.91,US,1658709015
Lianran,24.9227,102.485,64.94,76,2,2.91,CN,1658709090
Westport,41.1415,-73.3579,85.86,64,0,4.61,US,1658708927
Mahébourg,-20.4081,57.7,64.26,76,61,7.67,MU,1658709591
Palmer,42.1584,-72.3287,88.97,45,75,12.66,US,1658709094
General Roca,-39.0333,-67.5833,46.62,81,100,13.18,AR,1658709095
San Angelo,31.4638,-100.437,99.1,25,0,13.8,US,1658709096
Nikolskoye,59.7035,30.7861,62.49,98,8,3.53,RU,1658709592
Mahon,39.8885,4.2658,79.36,89,0,4.61,ES,1658709099
Yumen,40.2833,97.2,79.83,27,23,11.61,CN,1658709100
Kaitangata,-46.2817,169.8464,45.43,93,100,10.54,NZ,1658709592
Wakkanai,45.4094,141.6739,64.38,88,75,4.61,JP,1658709103
Caconda,-13.7333,15.0667,58.37,52,35,1.79,AO,1658708805
Dali,25.7,100.1833,62.58,93,100,1.39,CN,1658708942
Channel-Port aux Basques,47.5702,-59.1367,66.02,85,100,6.58,CA,1658709106
Codrington,-38.2667,141.9667,54.19,91,100,17.47,AU,1658709108
Sfântu Gheorghe,45.8667,25.7833,64.27,89,98,0.96,RO,1658709593
Saldanha,-33.0117,17.9442,46.45,63,0,9.55,ZA,1658709110
Padang,-0.9492,100.3543,73.45,90,100,2.44,ID,1658709112
Mossamedes,-15.1961,12.1522,63.7,83,0,6.78,AO,1658709594
Clyde River,70.4692,-68.5914,41.23,100,100,12.66,CA,1658709594
Acapulco de Juárez,16.8634,-99.8901,85.82,70,75,5.75,MX,1658709407
Øksfjord,70.2396,22.3479,48.99,85,43,5.3,NO,1658709595
Port Macquarie,-31.4333,152.9167,62.89,61,0,1.03,AU,1658709091
Sergeevka,53.88,67.4158,63.43,75,7,5.17,KZ,1658709595
Saint George,37.1041,-113.5841,97.63,31,0,11.5,US,1658709567
George Town,5.4112,100.3354,78.73,94,20,3.44,MY,1658708773
Aranos,-24.1333,19.1167,55.2,60,81,10.4,NA,1658709125
Torbay,47.6666,-52.7314,74.17,73,20,16.11,CA,1658709064
Nanpiao,41.0982,120.7479,84.45,61,54,7.61,CN,1658709127
Yulara,-25.2406,130.9889,58.55,48,0,16.96,AU,1658709129
Lavrentiya,65.5833,-171.0,42.87,88,100,9.31,RU,1658709596
Cidreira,-30.1811,-50.2056,62.87,89,100,5.57,BR,1658709131
Luwuk,-0.9516,122.7875,81.36,71,85,6.31,ID,1658709132
Puerto Peñasco,31.3167,-113.5333,85.91,78,5,14.0,MX,1658709597
Awjilah,29.1081,21.2869,78.51,58,0,10.58,LY,1658709135
Erbil,36.1926,44.0106,82.22,15,0,5.75,IQ,1658709597
Benjamín Hill,30.1667,-111.1,88.34,45,50,9.31,MX,1658709597
Dhidhdhoo,6.8833,73.1,81.1,79,66,12.28,MV,1658709139
Tessalit,20.1986,1.0114,88.47,31,9,4.36,ML,1658709141
Oussouye,12.485,-16.5469,75.29,88,97,3.42,SN,1658709142
Namatanai,-3.6667,152.4333,85.12,68,22,8.08,PG,1658709143
São José da Coroa Grande,-8.8978,-35.1478,73.38,80,73,11.32,BR,1658709598
Nelson Bay,-32.7167,152.15,60.12,88,0,5.01,AU,1658709146
Kungurtug,50.5994,97.5228,59.41,63,0,1.28,RU,1658709148
Antofagasta,-23.65,-70.4,54.68,78,8,2.51,CL,1658709150
Yerbogachën,61.2767,108.0108,73.36,59,64,2.75,RU,1658709599
Dunedin,-45.8742,170.5036,47.46,92,100,15.05,NZ,1658709010
Sakaiminato,35.55,133.2333,84.13,78,75,4.61,JP,1658709154
Bentiu,9.2333,29.8333,70.92,91,100,2.48,SS,1658709155
Norman Wells,65.282,-126.8329,66.24,55,75,4.61,CA,1658709156
Gushikawa,26.3544,127.8686,85.62,84,20,6.91,JP,1658709158
Sangar,63.9242,127.4739,71.13,57,12,4.05,RU,1658709159
Dāmghān,36.1683,54.348,73.58,57,59,6.46,IR,1658709600
San Juan Bautista,-14.0108,-75.7358,62.87,68,0,2.08,PE,1658709060
Salalah,17.0151,54.0924,75.29,94,100,6.91,OM,1658709163
Lorengau,-2.0226,147.2712,85.6,68,89,8.95,PG,1658709164
Kavieng,-2.5744,150.7967,85.15,70,32,12.46,PG,1658708868
Savannah Bight,16.45,-85.85,82.56,78,100,16.98,HN,1658709169
Zeya,53.75,127.2667,82.42,48,4,3.53,RU,1658709171
Broome,42.2506,-75.833,75.6,78,0,8.05,US,1658709172
Severo-Kuril'sk,50.6789,156.125,51.8,98,100,15.08,RU,1658709601
Aksha,50.2814,113.2867,62.87,92,100,3.91,RU,1658709174
Līgatne,57.2343,25.0406,59.25,91,100,5.82,LV,1658709601
Asău,46.4333,26.4,67.28,92,63,4.07,RO,1658709602
Natal,-5.795,-35.2094,77.22,78,0,13.8,BR,1658709155
Najrān,17.4924,44.1277,72.25,70,100,9.42,SA,1658709602
Carhuamayo,-10.9167,-76.0333,34.88,89,100,5.03,PE,1658709181
Dingle,10.9995,122.6711,81.93,81,99,1.52,PH,1658709182
Moïssala,8.3404,17.7663,71.85,94,82,2.55,TD,1658709603
Malakal,9.5334,31.6605,70.72,93,100,2.24,SS,1658709185
Usinsk,65.9939,57.5281,50.22,75,100,10.85,RU,1658709186
Sittwe,20.15,92.9,80.28,82,100,4.97,MM,1658709603
Kumul,42.8,93.45,86.86,21,100,21.65,CN,1658709604
Canary Islands,28.0,-15.5,69.76,69,0,18.41,ES,1658709604
Ariquemes,-9.9133,-63.0408,76.21,45,8,1.1,BR,1658709191
Tarko-Sale,64.9225,77.785,53.08,78,27,17.98,RU,1658709192
Hasaki,35.7333,140.8333,88.29,81,89,14.5,JP,1658709195
Farafangana,-22.8167,47.8333,64.27,93,12,5.06,MG,1658709196
Ust-Kuyga,70.0167,135.6,72.88,52,91,2.28,RU,1658709198
Burgeo,47.6167,-57.6152,64.69,90,100,3.69,CA,1658709059
Sørland,67.667,12.6934,51.66,82,100,19.33,NO,1658709605
Rome,34.257,-85.1647,89.91,67,0,3.44,US,1658708735
Tautira,-17.7333,-149.15,77.99,78,4,12.97,PF,1658709204
Las Vegas,36.175,-115.1372,105.24,18,40,16.11,US,1658709314
Casa Quemada,15.1167,-88.0833,78.51,97,83,1.48,HN,1658709206
Carutapera,-1.195,-46.02,76.17,91,100,5.14,BR,1658709208
Faanui,-16.4833,-151.75,78.35,77,1,12.41,PF,1658709209
Kolomak,49.8399,35.3044,67.82,64,100,7.0,UA,1658709211
Paamiut,61.994,-49.6678,45.34,82,30,2.3,GL,1658709212
Solnechnyy,50.7214,136.6319,79.21,55,0,4.9,RU,1658709213
Nishihara,26.1842,127.7558,85.68,89,40,6.91,JP,1658709119
Emerald,-23.5333,148.1667,62.74,88,75,8.05,AU,1658709216
Kota Kinabalu,5.9749,116.0724,82.38,83,20,3.44,MY,1658709217
Hobyo,5.3505,48.5268,75.04,85,15,24.34,SO,1658709218
Calama,-22.4667,-68.9333,55.89,21,0,9.22,CL,1658709030
Nantucket,41.2835,-70.0995,80.71,97,75,16.11,US,1658709138
Grand-Santi,4.25,-54.3833,75.87,90,100,2.59,GF,1658709222
Kundla,21.3333,71.3,76.69,88,89,11.3,IN,1658709223
Bac Lieu,9.285,105.7244,81.91,79,93,6.04,VN,1658709225
Gijang,35.2442,129.2139,82.13,84,13,5.14,KR,1658709607
Petropavlovsk-Kamchatskiy,53.0452,158.6483,54.19,100,100,4.47,RU,1658708958
Itoman,26.1247,127.6694,86.4,89,40,6.91,JP,1658709228
Port Lincoln,-34.7333,135.8667,56.86,56,6,23.04,AU,1658709043
Ahipara,-35.1667,173.1667,62.64,96,100,19.84,NZ,1658709231
Prince Rupert,54.3161,-130.3201,59.09,100,100,17.27,CA,1658709233
Hervey Bay,-25.2986,152.8535,67.17,64,0,8.28,AU,1658709235
San Patricio,28.017,-97.5169,90.54,61,0,17.0,US,1658709236
Fortuna,40.5982,-124.1573,66.92,72,8,1.99,US,1658709608
Clevelândia,-26.3958,-52.4708,58.24,79,100,3.74,BR,1658709609
Batticaloa,7.7102,81.6924,80.71,70,100,3.31,LK,1658709048
Bhūm,18.4667,75.6667,71.53,92,95,7.83,IN,1658709609
Ilebo,-4.3167,20.5833,73.2,79,100,0.94,CD,1658709243
Husavik,66.0449,-17.3389,45.7,89,46,2.37,IS,1658709245
Palana,59.1167,159.9667,55.31,66,91,7.36,RU,1658709247
Quryq,43.2,51.65,74.35,57,100,7.63,KZ,1658709610
Riihimäki,60.7377,24.7773,59.56,88,100,4.38,FI,1658709610
Bubaque,11.2833,-15.8333,78.35,83,99,6.42,GW,1658709251
Touros,-5.1989,-35.4608,73.9,75,57,17.34,BR,1658709253
Auki,-8.7676,160.7034,87.44,54,22,3.76,SB,1658709254
Piaçabuçu,-10.4056,-36.4344,72.27,79,100,9.73,BR,1658709611
Mamlyutka,54.9375,68.5394,63.81,84,0,2.15,KZ,1658709257
Viedma,-40.8135,-62.9967,45.55,76,100,11.01,AR,1658709258
Hamilton,39.1834,-84.5333,85.87,76,20,12.66,US,1658708982
Zomin,39.9606,68.3958,81.68,19,0,3.47,UZ,1658709262
Tha Mai,12.6214,102.0048,85.41,91,52,3.13,TH,1658709263
Colombo,6.9319,79.8478,80.55,84,100,11.41,LK,1658709264
Quatre Cocos,-20.2078,57.7625,64.09,76,22,7.49,MU,1658709266
Lormont,44.875,-0.5178,71.1,83,0,8.05,FR,1658709267
Göksun,38.021,36.4973,51.49,75,0,7.54,TR,1658709612
Luangwa,-15.6167,30.4167,61.09,66,4,2.62,ZM,1658709270
Makkah al Mukarramah,21.4267,39.8261,83.89,64,76,12.64,SA,1658709375
Honiara,-9.4333,159.95,88.3,61,33,7.49,SB,1658709272
Laguna,38.421,-121.4238,106.32,20,0,9.22,US,1658709275
Niquero,20.0431,-77.5828,82.08,71,100,4.0,CU,1658709276
Salinópolis,-0.6136,-47.3561,79.52,83,100,9.8,BR,1658709613
Belomorsk,64.5232,34.7668,49.64,96,22,4.68,RU,1658709279
Suntar,62.1444,117.6319,82.4,59,67,5.01,RU,1658709280
Campechuela,20.2342,-77.2789,78.96,79,100,9.82,CU,1658709282
Laminusa,5.5549,120.9136,82.87,75,100,5.48,PH,1658709283
Marabu,4.4148,114.0089,77.14,100,40,4.61,MY,1658709614
Stuttgart,48.7823,9.177,70.65,82,0,2.3,DE,1658709204
Sibolga,1.7427,98.7792,77.36,87,100,2.51,ID,1658709287
Karratha,-20.7377,116.8463,67.35,34,0,24.45,AU,1658709288
Talara,-4.5772,-81.2719,63.81,92,53,16.58,PE,1658709290
Dubréka,9.7911,-13.5233,75.36,95,100,1.52,GN,1658709614
Eydhafushi,5.1033,73.0708,81.34,76,89,13.0,MV,1658709293
Azángaro,-14.9167,-70.2167,42.78,77,65,3.0,PE,1658709615
Ketchikan,55.3422,-131.6461,59.47,94,100,11.5,US,1658709318
Rāmhormoz,31.28,49.6035,93.74,9,0,9.37,IR,1658709615
Cabo San Lucas,22.8909,-109.9124,90.61,73,20,8.05,MX,1658709056
Teya,60.3778,92.6267,61.3,82,94,3.31,RU,1658709299
Divo,5.8397,-5.36,67.44,98,97,2.04,CI,1658709301
Healesville,-37.65,145.5167,63.37,67,69,4.0,AU,1658709302
Kyabram,-36.3167,145.05,55.87,74,100,12.86,AU,1658709303
Malbork,54.0359,19.0266,60.12,84,78,4.09,PL,1658709616
Kisangani,0.5167,25.2,71.44,92,96,1.34,CD,1658709307
Ibiá,-19.4783,-46.5389,67.46,53,22,4.81,BR,1658709617
Tommot,58.9564,126.2925,83.41,60,46,1.61,RU,1658709310
Kamaishi,39.2667,141.8833,78.3,74,3,3.89,JP,1658709311
Sarana,56.4773,57.7259,62.83,86,6,2.86,RU,1658709312
Aykhal,66.0,111.5,66.83,86,100,11.3,RU,1658709197
Corcoran,36.098,-119.5604,105.39,6,0,11.1,US,1658709315
Puerto del Rosario,28.5004,-13.8627,76.75,78,0,13.8,ES,1658709316
Portland,45.5234,-122.6762,95.47,43,20,11.5,US,1658709224
Thaba-Tseka,-29.522,28.6084,30.49,75,2,0.6,LS,1658709319
Bentonville,36.3728,-94.2088,98.82,33,0,9.22,US,1658709321
Bereda,43.2686,-7.5406,56.14,100,79,1.48,ES,1658709323
Guozhen,34.3659,107.359,83.64,61,0,1.07,CN,1658709324
Nioro,13.35,-15.75,74.71,89,88,4.32,GM,1658709325
Visby,57.6409,18.296,65.82,82,20,10.36,SE,1658709327
Fort Nelson,58.8053,-122.7002,71.19,37,75,3.44,CA,1658709328
Zalţan,32.947,11.8665,77.58,67,0,5.64,LY,1658709330
Kitimat,54.0524,-128.6534,62.98,19,100,3.0,CA,1658709332
Khasan,42.4308,130.6434,68.92,96,93,4.76,RU,1658709333
Vila Velha,-20.3297,-40.2925,71.94,84,40,2.3,BR,1658709619
Port Pirie,-33.1833,138.0167,56.5,75,93,15.95,AU,1658709336
Maltahöhe,-24.8333,16.9833,50.79,65,6,8.93,NA,1658709619
Atambua,-9.1061,124.8925,76.71,47,10,2.8,ID,1658709338
Buford,34.1207,-84.0043,88.12,65,75,6.91,US,1658709311
Kailua,21.4022,-157.7394,87.78,64,40,14.97,US,1658709341
Longyan,25.1072,117.0225,90.64,53,0,2.46,CN,1658709049
Mayo,38.8876,-76.5119,90.21,84,0,10.36,US,1658709343
Caranavi,-15.8167,-67.55,65.19,86,100,1.5,BO,1658709345
Leninsk,48.7119,45.1994,61.54,90,27,7.31,RU,1658709346
Cururupu,-1.8283,-44.8683,75.02,93,100,2.86,BR,1658709350
Port-Gentil,-0.7193,8.7815,73.38,79,100,7.65,GA,1658709351
Nobres,-14.7203,-56.3275,77.72,34,0,4.47,BR,1658709352
Shubarkuduk,49.1447,56.4872,68.14,70,50,6.93,KZ,1658709354
Nimāparha,20.0667,86.0167,77.4,83,100,5.99,IN,1658709621
Tuatapere,-46.1333,167.6833,45.88,74,64,3.69,NZ,1658709621
Marystown,47.1666,-55.1483,67.86,100,60,6.53,CA,1658709359
Mkushi,-13.6202,29.3939,54.19,65,1,4.72,ZM,1658709360
Kerema,-7.9631,145.7785,82.51,77,6,5.06,PG,1658709361
Karasjok,69.4719,25.5112,48.7,91,100,2.73,NO,1658709363
Cayenne,4.9333,-52.3333,83.08,1,0,3.44,GF,1658709364
Erdenet,49.0333,104.0833,56.5,69,5,3.6,MN,1658709366
Salisbury,51.0693,-1.7957,65.64,84,75,12.66,GB,1658709253
Poum,-20.2333,164.0167,74.71,65,0,11.99,NC,1658709368
Toucheng,24.8592,121.8233,95.09,65,31,2.84,TW,1658709370
Deputatsky,69.3,139.9,65.39,50,99,6.44,RU,1658709622
Mehamn,71.0357,27.8492,48.11,89,57,6.53,NO,1658709373
Ponta Delgada,37.7333,-25.6667,76.5,94,40,5.75,PT,1658709374
Río Gallegos,-51.6226,-69.2181,26.65,80,0,12.66,AR,1658709624
Trincomalee,8.5711,81.2335,79.61,79,99,12.91,LK,1658709378
Ponta do Sol,32.6667,-17.1,84.13,37,0,2.53,PT,1658709379
Bairiki Village,1.3292,172.9752,86.0,66,20,14.97,KI,1658709624
Dashitou,43.3067,128.5114,70.93,84,38,4.83,CN,1658709382
Varkaus,62.3153,27.873,56.3,92,4,3.33,FI,1658709384
Juchitlán,20.0833,-104.1167,72.79,67,96,2.86,MX,1658709386
Honningsvåg,70.9821,25.9704,47.95,87,20,2.3,NO,1658709625
Misratah,32.3754,15.0925,81.03,65,0,8.93,LY,1658709390
Yar-Sale,66.8333,70.8333,49.17,85,100,11.7,RU,1658709391
Maragogi,-9.0122,-35.2225,73.22,80,38,11.43,BR,1658709393
Fairbanks,64.8378,-147.7164,74.08,33,0,6.91,US,1658709394
Bose,45.4612,8.0137,79.05,57,0,4.7,IT,1658709396
Vestmanna,62.1564,-7.1664,47.32,87,100,16.11,FO,1658709397
Gouré,13.9835,10.2704,85.01,43,100,11.77,NE,1658709626
Catherinas Lust,6.4,-57.6,77.2,89,100,7.11,GY,1658709626
Kysyl-Syr,63.8986,122.7617,72.37,51,8,5.95,RU,1658709401
Kjøllefjord,70.9457,27.3465,48.25,86,46,4.61,NO,1658709403
Abbeville,50.1,1.8333,67.5,81,76,7.2,FR,1658709405
Chengde,40.9725,117.9361,82.44,56,55,2.26,CN,1658709407
Ndola,-12.9587,28.6366,54.34,66,0,5.19,ZM,1658709408
Gorin,51.1983,136.6669,78.19,61,6,5.35,RU,1658709409
Tilichiki,60.4667,166.1,58.98,55,29,5.35,RU,1658709411
Merauke,-8.4667,140.3333,82.06,71,8,13.15,ID,1658709412
Mwene-Ditu,-7.0,23.45,70.29,41,97,2.89,CD,1658709414
Keti Bandar,24.1447,67.4497,79.34,93,100,23.24,PK,1658709415
Sassandra,4.95,-6.0833,73.29,88,100,5.84,CI,1658709416
Sitka,57.0531,-135.33,57.09,94,100,13.8,US,1658709418
Praia da Vitória,38.7333,-27.0667,74.75,94,75,4.09,PT,1658709628
Lüderitz,-26.6481,15.1594,67.64,44,0,9.78,NA,1658709420
Séguéla,7.9611,-6.6731,66.78,97,100,3.69,CI,1658709628
Savinka,50.0785,47.0994,61.77,85,63,5.48,RU,1658709423
Dalbandin,28.8947,64.4101,84.6,57,100,10.16,PK,1658709425
Udachny,66.4167,112.4,69.84,76,100,13.15,RU,1658709629
Riyadh,24.6877,46.7219,93.34,18,23,9.95,SA,1658709188
Taoudenni,22.6783,-3.9836,96.94,28,34,6.46,ML,1658709431
Isla Vista,34.4133,-119.861,88.34,48,1,8.95,US,1658709433
Liuhe,42.2401,125.7172,75.63,78,35,5.82,CN,1658709435
Jalu,29.0331,21.5482,77.9,64,0,8.3,LY,1658709436
Yarmouth,41.7057,-70.2286,80.71,89,75,17.27,US,1658709437
Stanislav,46.5691,32.1478,75.58,61,100,17.2,UA,1658709439
Pochutla,15.7432,-96.4661,75.81,93,100,4.61,MX,1658709440
Alofi,-19.0595,-169.9187,75.09,60,79,19.57,NU,1658709442
Kitui,-1.367,38.0106,55.49,95,66,4.52,KE,1658709443
Sabinópolis,-18.6661,-43.0839,54.9,84,0,0.2,BR,1658709630
Opuwo,-18.0607,13.84,60.48,37,0,3.94,NA,1658709263
Santo Domingo,18.5001,-69.9886,78.04,89,45,4.0,DO,1658709268
Waitati,-45.75,170.5667,47.55,91,100,8.61,NZ,1658709448
Arrondissement de Lorient,47.8333,-3.25,69.67,84,100,11.5,FR,1658709450
Manoel Urbano,-8.8389,-69.2597,77.68,72,53,2.57,BR,1658709451
Rudraprayāg,30.2833,78.9833,76.87,95,100,1.68,IN,1658709631
Sabang,5.8933,95.3214,80.37,78,100,7.4,ID,1658709454
Sayula,19.8667,-103.6167,69.51,83,69,2.91,MX,1658709455
Simao,22.7886,100.9748,72.93,73,1,1.23,CN,1658709457
Dillon,34.4166,-79.3712,84.22,89,100,2.15,US,1658709447
Jacareacanga,-6.2222,-57.7528,76.53,52,6,1.95,BR,1658709459
Mazatlán,23.2167,-106.4167,87.76,82,75,12.66,MX,1658709607
Kabanjahe,3.1001,98.4908,65.44,91,99,0.76,ID,1658709462
Yanji,42.9075,129.5078,71.85,89,93,2.24,CN,1658709463
Gizo Government Station,-8.103,156.8419,83.86,71,44,5.97,SB,1658709633
Ayan,56.45,138.1667,57.61,91,94,14.56,RU,1658709466
Aklavik,68.2191,-135.0107,62.44,50,19,5.17,CA,1658709467
Tucupita,9.0622,-62.051,73.35,98,33,3.24,VE,1658709468
Gävle,60.6745,17.1417,60.39,76,100,1.99,SE,1658709634
Margate,51.3813,1.3862,66.69,75,100,3.0,GB,1658709350
Andenes,69.3143,16.1194,49.98,87,40,20.71,NO,1658709473
Cairns,-16.9167,145.7667,79.07,72,100,10.36,AU,1658709474
Te Horo,-40.8084,175.1233,51.8,76,100,7.78,NZ,1658709475
Kilindoni,-7.9139,39.6668,75.15,76,7,12.97,TZ,1658709477
Terra Rica,-22.7094,-52.6169,69.58,40,98,7.09,BR,1658709478
Mananjary,-21.2167,48.3333,63.5,93,12,3.96,MG,1658709479
Atbasar,51.8,68.3333,67.41,57,0,3.8,KZ,1658709481
Ransang,8.9603,117.5828,84.33,72,71,2.77,PH,1658709482
Ballina,-28.8667,153.5667,64.02,78,4,5.12,AU,1658709483
Plettenberg Bay,-34.0527,23.3716,52.48,76,0,4.54,ZA,1658709485
Belyy Yar,53.6039,91.3903,57.85,82,0,4.47,RU,1658709486
Beisfjord,68.3751,17.5988,56.05,79,100,6.46,NO,1658709488
Coahuayana Viejo,18.7333,-103.6833,83.03,77,93,5.1,MX,1658709636
Katherine,-14.4667,132.2667,71.92,53,8,2.3,AU,1658709322
Ziro,27.6333,93.8333,59.74,94,98,0.27,IN,1658709492
Gōdo,35.4167,136.6,88.99,94,99,3.15,JP,1658709636
Kieta,-6.2167,155.6333,85.95,65,8,5.97,PG,1658709495
Salamiyah,35.0113,37.0532,72.14,45,0,5.41,SY,1658709497
Merrill,45.1805,-89.6835,71.78,57,75,10.36,US,1658709498
Hakui,36.8833,136.7833,88.21,71,98,1.16,JP,1658709500
Requena,39.4883,-1.1004,69.78,29,6,4.14,ES,1658709502
Fare,-16.7,-151.0167,78.33,78,2,12.55,PF,1658709504
Pudozh,61.8099,36.5345,59.65,99,100,2.91,RU,1658709505
Rocha,-34.4833,-54.3333,56.21,98,98,3.0,UY,1658709266
Takhtamygda,54.1,123.5667,79.77,50,5,1.99,RU,1658709507
Weligama,5.9667,80.4167,78.58,85,100,13.44,LK,1658709509
Vardø,70.3705,31.1107,44.58,93,20,4.61,NO,1658709637
Bathsheba,13.2167,-59.5167,81.21,91,40,11.5,BB,1658709512
Tonstad,58.6626,6.7169,60.01,99,100,4.85,NO,1658709513
Rawson,-43.3002,-65.1023,42.17,74,98,9.91,AR,1658709515
Manuk Mangkaw,4.8,119.85,83.62,75,100,12.39,PH,1658709516
Barreirinhas,-2.7469,-42.8264,79.54,79,100,6.08,BR,1658709518
Taganak,6.0833,118.3,80.74,82,100,10.47,PH,1658709520
Sol'-Iletsk,51.1631,54.9918,66.0,77,100,4.52,RU,1658709521
Beira,-19.8436,34.8389,62.69,94,0,4.61,MZ,1658709465
Bonavista,48.6499,-53.1147,63.99,90,6,9.51,CA,1658709367
San Cristobal,7.7669,-72.225,73.58,93,5,2.75,VE,1658709273
Eureka,40.8021,-124.1637,67.19,78,18,4.0,US,1658709638
Verkhnyaya Inta,65.9811,60.3094,48.33,83,100,11.99,RU,1658709527
Sun Valley,39.5963,-119.776,98.11,11,40,5.99,US,1658709296
Cascais,38.6979,-9.4215,68.47,73,3,17.0,PT,1658709388
Nuevo Progreso,23.1667,-97.95,86.54,57,55,3.0,MX,1658709531
Sal Rei,16.1833,-22.9167,79.32,87,100,6.64,CV,1658709418
Jiaojiang,28.6803,121.4428,88.0,72,2,3.96,CN,1658709533
Ozinki,51.1786,49.6769,64.92,79,100,4.29,RU,1658709535
Saint-Pierre,-21.3393,55.4781,65.28,68,0,6.91,RE,1658709536
